epoch,step,total_loss,pred_loss,sigreg_loss
1,1,1.3291443586349487,1.2894384860992432,3.9705827236175537
1,2,1.0238330364227295,0.9878736734390259,3.5959367752075195
1,3,0.7910850644111633,0.7517822980880737,3.9302749633789062
1,4,0.6617012619972229,0.6270827651023865,3.4618520736694336
2,5,0.5774235129356384,0.5428378582000732,3.4585647583007812
2,6,0.46771591901779175,0.4423052668571472,2.5410642623901367
2,7,0.4119281470775604,0.3879099488258362,2.401820421218872
2,8,0.35490918159484863,0.33538639545440674,1.952280044555664
